time, timestamp, kp__0, kv__0, ki__0, velocity_saturation_limit__0, otg_max_velocity__0, otg_max_acceleration__0, otg_max_jerk__0, goal_position__0, goal_position__1, goal_position__2, goal_position__3, goal_position__4, goal_position__5, goal_position__6, goal_velocity__0, goal_velocity__1, goal_velocity__2, goal_velocity__3, goal_velocity__4, goal_velocity__5, goal_velocity__6, goal_acceleration__0, goal_acceleration__1, goal_acceleration__2, goal_acceleration__3, goal_acceleration__4, goal_acceleration__5, goal_acceleration__6, current_position__0, current_position__1, current_position__2, current_position__3, current_position__4, current_position__5, current_position__6, current_velocity__0, current_velocity__1, current_velocity__2, current_velocity__3, current_velocity__4, current_velocity__5, current_velocity__6, desired_position__0, desired_position__1, desired_position__2, desired_position__3, desired_position__4, desired_position__5, desired_position__6, desired_velocity__0, desired_velocity__1, desired_velocity__2, desired_velocity__3, desired_velocity__4, desired_velocity__5, desired_velocity__6, desired_acceleration__0, desired_acceleration__1, desired_acceleration__2, desired_acceleration__3, desired_acceleration__4, desired_acceleration__5, desired_acceleration__6, is_active, use_dynamic_decoupling, velocity_saturation_enabled, otg_enabled, otg_jerk_limited, 
0.01, 2025-05-06__21-51-12.523937, 50, 14, 0, 1.0472, 1.0472, 6.28319, 31.4159, 0, -0.436332, 0, -2.35619, 0, 1.8326, 0, 0, 0, 0, 0, 0, 0, 0, 0, 0, 0, 0, 0, 0, 0, 0, 0, 0, 0, 0, 0, 0, 0, 0, 0, 0, 0, 0, 0, 0, 0, 0, 0, 0, 0, 0, 0, 0, 0, 0, 0, 0, 0, 0, 0, 0, 0, 0, 0, 0, 0, 1, 1, 0, 0
0.02, 2025-05-06__21-51-12.534535, 50, 14, 0, 1.0472, 1.0472, 6.28319, 31.4159, 0, -0.436332, 0, -2.35619, 0, 1.8326, 0, 0, 0, 0, 0, 0, 0, 0, 0, 0, 0, 0, 0, 0, 0, 0, 0, 0, 0, 0, 0, 0, 0, 0, 0, 0, 0, 0, 0, 0, 0, 0, 0, 0, 0, 0, 0, 0, 0, 0, 0, 0, 0, 0, 0, 0, 0, 0, 0, 0, 0, 1, 1, 0, 0
0.03, 2025-05-06__21-51-12.544626, 50, 14, 0, 1.0472, 1.0472, 6.28319, 31.4159, 0, -0.436332, 0, -2.35619, 0, 1.8326, 0, 0, 0, 0, 0, 0, 0, 0, 0, 0, 0, 0, 0, 0, 0, 0, 0, 0, 0, 0, 0, 0, 0, 0, 0, 0, 0, 0, 0, 0, 0, 0, 0, 0, 0, 0, 0, 0, 0, 0, 0, 0, 0, 0, 0, 0, 0, 0, 0, 0, 0, 1, 1, 0, 0
0.04, 2025-05-06__21-51-12.554814, 50, 14, 0, 1.0472, 1.0472, 6.28319, 31.4159, 0, -0.436332, 0, -2.35619, 0, 1.8326, 0, 0, 0, 0, 0, 0, 0, 0, 0, 0, 0, 0, 0, 0, 0, 0, 0, 0, 0, 0, 0, 0, 0, 0, 0, 0, 0, 0, 0, 0, 0, 0, 0, 0, 0, 0, 0, 0, 0, 0, 0, 0, 0, 0, 0, 0, 0, 0, 0, 0, 0, 1, 1, 0, 0
0.05, 2025-05-06__21-51-12.565964, 50, 14, 0, 1.0472, 1.0472, 6.28319, 31.4159, 0, -0.436332, 0, -2.35619, 0, 1.8326, 0, 0, 0, 0, 0, 0, 0, 0, 0, 0, 0, 0, 0, 0, 0, 0, 0, 0, 0, 0, 0, 0, 0, 0, 0, 0, 0, 0, 0, 0, 0, 0, 0, 0, 0, 0, 0, 0, 0, 0, 0, 0, 0, 0, 0, 0, 0, 0, 0, 0, 0, 1, 1, 0, 0
0.06, 2025-05-06__21-51-12.575929, 50, 14, 0, 1.0472, 1.0472, 6.28319, 31.4159, 0, -0.436332, 0, -2.35619, 0, 1.8326, 0, 0, 0, 0, 0, 0, 0, 0, 0, 0, 0, 0, 0, 0, 0, 0, 0, 0, 0, 0, 0, 0, 0, 0, 0, 0, 0, 0, 0, 0, 0, 0, 0, 0, 0, 0, 0, 0, 0, 0, 0, 0, 0, 0, 0, 0, 0, 0, 0, 0, 0, 1, 1, 0, 0
0.07, 2025-05-06__21-51-12.584664, 50, 14, 0, 1.0472, 1.0472, 6.28319, 31.4159, 0, -0.436332, 0, -2.35619, 0, 1.8326, 0, 0, 0, 0, 0, 0, 0, 0, 0, 0, 0, 0, 0, 0, 0, 0, 0, 0, 0, 0, 0, 0, 0, 0, 0, 0, 0, 0, 0, 0, 0, 0, 0, 0, 0, 0, 0, 0, 0, 0, 0, 0, 0, 0, 0, 0, 0, 0, 0, 0, 0, 1, 1, 0, 0
0.08, 2025-05-06__21-51-12.594573, 50, 14, 0, 1.0472, 1.0472, 6.28319, 31.4159, 0, -0.436332, 0, -2.35619, 0, 1.8326, 0, 0, 0, 0, 0, 0, 0, 0, 0, 0, 0, 0, 0, 0, 0, 0, 0, 0, 0, 0, 0, 0, 0, 0, 0, 0, 0, 0, 0, 0, 0, 0, 0, 0, 0, 0, 0, 0, 0, 0, 0, 0, 0, 0, 0, 0, 0, 0, 0, 0, 0, 1, 1, 0, 0
0.09, 2025-05-06__21-51-12.604935, 50, 14, 0, 1.0472, 1.0472, 6.28319, 31.4159, 0, -0.436332, 0, -2.35619, 0, 1.8326, 0, 0, 0, 0, 0, 0, 0, 0, 0, 0, 0, 0, 0, 0, 0, 0, 0, 0, 0, 0, 0, 0, 0, 0, 0, 0, 0, 0, 0, 0, 0, 0, 0, 0, 0, 0, 0, 0, 0, 0, 0, 0, 0, 0, 0, 0, 0, 0, 0, 0, 0, 1, 1, 0, 0
0.1, 2025-05-06__21-51-12.614492, 50, 14, 0, 1.0472, 1.0472, 6.28319, 31.4159, 0, -0.436332, 0, -2.35619, 0, 1.8326, 0, 0, 0, 0, 0, 0, 0, 0, 0, 0, 0, 0, 0, 0, 0, 0, 0, 0, 0, 0, 0, 0, 0, 0, 0, 0, 0, 0, 0, 0, 0, 0, 0, 0, 0, 0, 0, 0, 0, 0, 0, 0, 0, 0, 0, 0, 0, 0, 0, 0, 0, 1, 1, 0, 0
0.11, 2025-05-06__21-51-12.624544, 50, 14, 0, 1.0472, 1.0472, 6.28319, 31.4159, 0, -0.436332, 0, -2.35619, 0, 1.8326, 0, 0, 0, 0, 0, 0, 0, 0, 0, 0, 0, 0, 0, 0, 0, 0, 0, 0, 0, 0, 0, 0, 0, 0, 0, 0, 0, 0, 0, 0, 0, 0, 0, 0, 0, 0, 0, 0, 0, 0, 0, 0, 0, 0, 0, 0, 0, 0, 0, 0, 0, 1, 1, 0, 0
0.12, 2025-05-06__21-51-12.636210, 50, 14, 0, 1.0472, 1.0472, 6.28319, 31.4159, 0, -0.436332, 0, -2.35619, 0, 1.8326, 0, 0, 0, 0, 0, 0, 0, 0, 0, 0, 0, 0, 0, 0, 0, 0, 0, 0, 0, 0, 0, 0, 0, 0, 0, 0, 0, 0, 0, 0, 0, 0, 0, 0, 0, 0, 0, 0, 0, 0, 0, 0, 0, 0, 0, 0, 0, 0, 0, 0, 0, 1, 1, 0, 0
0.13, 2025-05-06__21-51-12.644584, 50, 14, 0, 1.0472, 1.0472, 6.28319, 31.4159, 0, -0.436332, 0, -2.35619, 0, 1.8326, 0, 0, 0, 0, 0, 0, 0, 0, 0, 0, 0, 0, 0, 0, 0, 0, 0, 0, 0, 0, 0, 0, 0, 0, 0, 0, 0, 0, 0, 0, 0, 0, 0, 0, 0, 0, 0, 0, 0, 0, 0, 0, 0, 0, 0, 0, 0, 0, 0, 0, 0, 1, 1, 0, 0
0.14, 2025-05-06__21-51-12.655347, 50, 14, 0, 1.0472, 1.0472, 6.28319, 31.4159, 0, -0.436332, 0, -2.35619, 0, 1.8326, 0, 0, 0, 0, 0, 0, 0, 0, 0, 0, 0, 0, 0, 0, 0, 0, 0, 0, 0, 0, 0, 0, 0, 0, 0, 0, 0, 0, 0, 0, 0, 0, 0, 0, 0, 0, 0, 0, 0, 0, 0, 0, 0, 0, 0, 0, 0, 0, 0, 0, 0, 1, 1, 0, 0
0.15, 2025-05-06__21-51-12.664665, 50, 14, 0, 1.0472, 1.0472, 6.28319, 31.4159, 0, -0.436332, 0, -2.35619, 0, 1.8326, 0, 0, 0, 0, 0, 0, 0, 0, 0, 0, 0, 0, 0, 0, 0, 0, 0, 0, 0, 0, 0, 0, 0, 0, 0, 0, 0, 0, 0, 0, 0, 0, 0, 0, 0, 0, 0, 0, 0, 0, 0, 0, 0, 0, 0, 0, 0, 0, 0, 0, 0, 1, 1, 0, 0
0.16, 2025-05-06__21-51-12.674801, 50, 14, 0, 1.0472, 1.0472, 6.28319, 31.4159, 0, -0.436332, 0, -2.35619, 0, 1.8326, 0, 0, 0, 0, 0, 0, 0, 0, 0, 0, 0, 0, 0, 0, 0, 0, 0, 0, 0, 0, 0, 0, 0, 0, 0, 0, 0, 0, 0, 0, 0, 0, 0, 0, 0, 0, 0, 0, 0, 0, 0, 0, 0, 0, 0, 0, 0, 0, 0, 0, 0, 1, 1, 0, 0
0.17, 2025-05-06__21-51-12.686233, 50, 14, 0, 1.0472, 1.0472, 6.28319, 31.4159, 0, -0.436332, 0, -2.35619, 0, 1.8326, 0, 0, 0, 0, 0, 0, 0, 0, 0, 0, 0, 0, 0, 0, 0, 0, 0, 0, 0, 0, 0, 0, 0, 0, 0, 0, 0, 0, 0, 0, 0, 0, 0, 0, 0, 0, 0, 0, 0, 0, 0, 0, 0, 0, 0, 0, 0, 0, 0, 0, 0, 1, 1, 0, 0
0.18, 2025-05-06__21-51-12.694666, 50, 14, 0, 1.0472, 1.0472, 6.28319, 31.4159, 0, -0.436332, 0, -2.35619, 0, 1.8326, 0, 0, 0, 0, 0, 0, 0, 0, 0, 0, 0, 0, 0, 0, 0, 0, 0, 0, 0, 0, 0, 0, 0, 0, 0, 0, 0, 0, 0, 0, 0, 0, 0, 0, 0, 0, 0, 0, 0, 0, 0, 0, 0, 0, 0, 0, 0, 0, 0, 0, 0, 1, 1, 0, 0
0.19, 2025-05-06__21-51-12.704711, 50, 14, 0, 1.0472, 1.0472, 6.28319, 31.4159, 0, -0.436332, 0, -2.35619, 0, 1.8326, 0, 0, 0, 0, 0, 0, 0, 0, 0, 0, 0, 0, 0, 0, 0, 0, 0, 0, 0, 0, 0, 0, 0, 0, 0, 0, 0, 0, 0, 0, 0, 0, 0, 0, 0, 0, 0, 0, 0, 0, 0, 0, 0, 0, 0, 0, 0, 0, 0, 0, 0, 1, 1, 0, 0
0.2, 2025-05-06__21-51-12.713959, 50, 14, 0, 1.0472, 1.0472, 6.28319, 31.4159, 0, -0.436332, 0, -2.35619, 0, 1.8326, 0, 0, 0, 0, 0, 0, 0, 0, 0, 0, 0, 0, 0, 0, 0, 0, 0, 0, 0, 0, 0, 0, 0, 0, 0, 0, 0, 0, 0, 0, 0, 0, 0, 0, 0, 0, 0, 0, 0, 0, 0, 0, 0, 0, 0, 0, 0, 0, 0, 0, 0, 1, 1, 0, 0
0.21, 2025-05-06__21-51-12.723976, 50, 14, 0, 1.0472, 1.0472, 6.28319, 31.4159, 0, -0.436332, 0, -2.35619, 0, 1.8326, 0, 0, 0, 0, 0, 0, 0, 0, 0, 0, 0, 0, 0, 0, 0, 0, 0, 0, 0, 0, 0, 0, 0, 0, 0, 0, 0, 0, 0, 0, 0, 0, 0, 0, 0, 0, 0, 0, 0, 0, 0, 0, 0, 0, 0, 0, 0, 0, 0, 0, 0, 1, 1, 0, 0
0.22, 2025-05-06__21-51-12.734736, 50, 14, 0, 1.0472, 1.0472, 6.28319, 31.4159, 0, -0.436332, 0, -2.35619, 0, 1.8326, 0, 0, 0, 0, 0, 0, 0, 0, 0, 0, 0, 0, 0, 0, 0, 0, 0, 0, 0, 0, 0, 0, 0, 0, 0, 0, 0, 0, 0, 0, 0, 0, 0, 0, 0, 0, 0, 0, 0, 0, 0, 0, 0, 0, 0, 0, 0, 0, 0, 0, 0, 1, 1, 0, 0
0.23, 2025-05-06__21-51-12.744758, 50, 14, 0, 1.0472, 1.0472, 6.28319, 31.4159, 0, -0.436332, 0, -2.35619, 0, 1.8326, 0, 0, 0, 0, 0, 0, 0, 0, 0, 0, 0, 0, 0, 0, 0, 0, 0, 0, 0, 0, 0, 0, 0, 0, 0, 0, 0, 0, 0, 0, 0, 0, 0, 0, 0, 0, 0, 0, 0, 0, 0, 0, 0, 0, 0, 0, 0, 0, 0, 0, 0, 1, 1, 0, 0
0.24, 2025-05-06__21-51-12.754675, 50, 14, 0, 1.0472, 1.0472, 6.28319, 31.4159, 0, -0.436332, 0, -2.35619, 0, 1.8326, 0, 0, 0, 0, 0, 0, 0, 0, 0, 0, 0, 0, 0, 0, 0, 0, 0, 0, 0, 0, 0, 0, 0, 0, 0, 0, 0, 0, 0, 0, 0, 0, 0, 0, 0, 0, 0, 0, 0, 0, 0, 0, 0, 0, 0, 0, 0, 0, 0, 0, 0, 1, 1, 0, 0
0.25, 2025-05-06__21-51-12.766253, 50, 14, 0, 1.0472, 1.0472, 6.28319, 31.4159, 0, -0.436332, 0, -2.35619, 0, 1.8326, 0, 0, 0, 0, 0, 0, 0, 0, 0, 0, 0, 0, 0, 0, 0, 0, 0, 0, 0, 0, 0, 0, 0, 0, 0, 0, 0, 0, 0, 0, 0, 0, 0, 0, 0, 0, 0, 0, 0, 0, 0, 0, 0, 0, 0, 0, 0, 0, 0, 0, 0, 1, 1, 0, 0
0.26, 2025-05-06__21-51-12.775861, 50, 14, 0, 1.0472, 1.0472, 6.28319, 31.4159, 0, -0.436332, 0, -2.35619, 0, 1.8326, 0, 0, 0, 0, 0, 0, 0, 0, 0, 0, 0, 0, 0, 0, 0, 0, 0, 0, 0, 0, 0, 0, 0, 0, 0, 0, 0, 0, 0, 0, 0, 0, 0, 0, 0, 0, 0, 0, 0, 0, 0, 0, 0, 0, 0, 0, 0, 0, 0, 0, 0, 1, 1, 0, 0
0.27, 2025-05-06__21-51-12.785970, 50, 14, 0, 1.0472, 1.0472, 6.28319, 31.4159, 0, -0.436332, 0, -2.35619, 0, 1.8326, 0, 0, 0, 0, 0, 0, 0, 0, 0, 0, 0, 0, 0, 0, 0, 0, 0, 0, 0, 0, 0, 0, 0, 0, 0, 0, 0, 0, 0, 0, 0, 0, 0, 0, 0, 0, 0, 0, 0, 0, 0, 0, 0, 0, 0, 0, 0, 0, 0, 0, 0, 1, 1, 0, 0
0.28, 2025-05-06__21-51-12.794933, 50, 14, 0, 1.0472, 1.0472, 6.28319, 31.4159, 0, -0.436332, 0, -2.35619, 0, 1.8326, 0, 0, 0, 0, 0, 0, 0, 0, 0, 0, 0, 0, 0, 0, 0, 0, 0, 0, 0, 0, 0, 0, 0, 0, 0, 0, 0, 0, 0, 0, 0, 0, 0, 0, 0, 0, 0, 0, 0, 0, 0, 0, 0, 0, 0, 0, 0, 0, 0, 0, 0, 1, 1, 0, 0
0.29, 2025-05-06__21-51-12.804669, 50, 14, 0, 1.0472, 1.0472, 6.28319, 31.4159, 0, -0.436332, 0, -2.35619, 0, 1.8326, 0, 0, 0, 0, 0, 0, 0, 0, 0, 0, 0, 0, 0, 0, 0, 0, 0, 0, 0, 0, 0, 0, 0, 0, 0, 0, 0, 0, 0, 0, 0, 0, 0, 0, 0, 0, 0, 0, 0, 0, 0, 0, 0, 0, 0, 0, 0, 0, 0, 0, 0, 1, 1, 0, 0
0.3, 2025-05-06__21-51-12.814676, 50, 14, 0, 1.0472, 1.0472, 6.28319, 31.4159, 0, -0.436332, 0, -2.35619, 0, 1.8326, 0, 0, 0, 0, 0, 0, 0, 0, 0, 0, 0, 0, 0, 0, 0, 0, 0, 0, 0, 0, 0, 0, 0, 0, 0, 0, 0, 0, 0, 0, 0, 0, 0, 0, 0, 0, 0, 0, 0, 0, 0, 0, 0, 0, 0, 0, 0, 0, 0, 0, 0, 1, 1, 0, 0
0.31, 2025-05-06__21-51-12.824669, 50, 14, 0, 1.0472, 1.0472, 6.28319, 31.4159, 0, -0.436332, 0, -2.35619, 0, 1.8326, 0, 0, 0, 0, 0, 0, 0, 0, 0, 0, 0, 0, 0, 0, 0, 0, 0, 0, 0, 0, 0, 0, 0, 0, 0, 0, 0, 0, 0, 0, 0, 0, 0, 0, 0, 0, 0, 0, 0, 0, 0, 0, 0, 0, 0, 0, 0, 0, 0, 0, 0, 1, 1, 0, 0
0.32, 2025-05-06__21-51-12.835849, 50, 14, 0, 1.0472, 1.0472, 6.28319, 31.4159, 0, -0.436332, 0, -2.35619, 0, 1.8326, 0, 0, 0, 0, 0, 0, 0, 0, 0, 0, 0, 0, 0, 0, 0, 0, 0, 0, 0, 0, 0, 0, 0, 0, 0, 0, 0, 0, 0, 0, 0, 0, 0, 0, 0, 0, 0, 0, 0, 0, 0, 0, 0, 0, 0, 0, 0, 0, 0, 0, 0, 1, 1, 0, 0
0.33, 2025-05-06__21-51-12.844978, 50, 14, 0, 1.0472, 1.0472, 6.28319, 31.4159, 0, -0.436332, 0, -2.35619, 0, 1.8326, 0, 0, 0, 0, 0, 0, 0, 0, 0, 0, 0, 0, 0, 0, 0, 0, 0, 0, 0, 0, 0, 0, 0, 0, 0, 0, 0, 0, 0, 0, 0, 0, 0, 0, 0, 0, 0, 0, 0, 0, 0, 0, 0, 0, 0, 0, 0, 0, 0, 0, 0, 1, 1, 0, 0
0.34, 2025-05-06__21-51-12.856186, 50, 14, 0, 1.0472, 1.0472, 6.28319, 31.4159, 0, -0.436332, 0, -2.35619, 0, 1.8326, 0, 0, 0, 0, 0, 0, 0, 0, 0, 0, 0, 0, 0, 0, 0, 0, 0, 0, 0, 0, 0, 0, 0, 0, 0, 0, 0, 0, 0, 0, 0, 0, 0, 0, 0, 0, 0, 0, 0, 0, 0, 0, 0, 0, 0, 0, 0, 0, 0, 0, 0, 1, 1, 0, 0
0.35, 2025-05-06__21-51-12.864933, 50, 14, 0, 1.0472, 1.0472, 6.28319, 31.4159, 0, -0.436332, 0, -2.35619, 0, 1.8326, 0, 0, 0, 0, 0, 0, 0, 0, 0, 0, 0, 0, 0, 0, 0, 0, 0, 0, 0, 0, 0, 0, 0, 0, 0, 0, 0, 0, 0, 0, 0, 0, 0, 0, 0, 0, 0, 0, 0, 0, 0, 0, 0, 0, 0, 0, 0, 0, 0, 0, 0, 1, 1, 0, 0
0.36, 2025-05-06__21-51-12.874716, 50, 14, 0, 1.0472, 1.0472, 6.28319, 31.4159, 0, -0.436332, 0, -2.35619, 0, 1.8326, 0, 0, 0, 0, 0, 0, 0, 0, 0, 0, 0, 0, 0, 0, 0, 0, 0, 0, 0, 0, 0, 0, 0, 0, 0, 0, 0, 0, 0, 0, 0, 0, 0, 0, 0, 0, 0, 0, 0, 0, 0, 0, 0, 0, 0, 0, 0, 0, 0, 0, 0, 1, 1, 0, 0
0.37, 2025-05-06__21-51-12.884932, 50, 14, 0, 1.0472, 1.0472, 6.28319, 31.4159, 0, -0.436332, 0, -2.35619, 0, 1.8326, 0, 0, 0, 0, 0, 0, 0, 0, 0, 0, 0, 0, 0, 0, 0, 0, 0, 0, 0, 0, 0, 0, 0, 0, 0, 0, 0, 0, 0, 0, 0, 0, 0, 0, 0, 0, 0, 0, 0, 0, 0, 0, 0, 0, 0, 0, 0, 0, 0, 0, 0, 1, 1, 0, 0
0.38, 2025-05-06__21-51-12.894792, 50, 14, 0, 1.0472, 1.0472, 6.28319, 31.4159, 0, -0.436332, 0, -2.35619, 0, 1.8326, 0, 0, 0, 0, 0, 0, 0, 0, 0, 0, 0, 0, 0, 0, 0, 0, 0, 0, 0, 0, 0, 0, 0, 0, 0, 0, 0, 0, 0, 0, 0, 0, 0, 0, 0, 0, 0, 0, 0, 0, 0, 0, 0, 0, 0, 0, 0, 0, 0, 0, 0, 1, 1, 0, 0
0.39, 2025-05-06__21-51-12.906236, 50, 14, 0, 1.0472, 1.0472, 6.28319, 31.4159, 0, -0.436332, 0, -2.35619, 0, 1.8326, 0, 0, 0, 0, 0, 0, 0, 0, 0, 0, 0, 0, 0, 0, 0, 0, 0, 0, 0, 0, 0, 0, 0, 0, 0, 0, 0, 0, 0, 0, 0, 0, 0, 0, 0, 0, 0, 0, 0, 0, 0, 0, 0, 0, 0, 0, 0, 0, 0, 0, 0, 1, 1, 0, 0
0.4, 2025-05-06__21-51-12.914951, 50, 14, 0, 1.0472, 1.0472, 6.28319, 31.4159, 0, -0.436332, 0, -2.35619, 0, 1.8326, 0, 0, 0, 0, 0, 0, 0, 0, 0, 0, 0, 0, 0, 0, 0, 0, 0, 0, 0, 0, 0, 0, 0, 0, 0, 0, 0, 0, 0, 0, 0, 0, 0, 0, 0, 0, 0, 0, 0, 0, 0, 0, 0, 0, 0, 0, 0, 0, 0, 0, 0, 1, 1, 0, 0
0.41, 2025-05-06__21-51-12.924932, 50, 14, 0, 1.0472, 1.0472, 6.28319, 31.4159, 0, -0.436332, 0, -2.35619, 0, 1.8326, 0, 0, 0, 0, 0, 0, 0, 0, 0, 0, 0, 0, 0, 0, 0, 0, 0, 0, 0, 0, 0, 0, 0, 0, 0, 0, 0, 0, 0, 0, 0, 0, 0, 0, 0, 0, 0, 0, 0, 0, 0, 0, 0, 0, 0, 0, 0, 0, 0, 0, 0, 1, 1, 0, 0
0.42, 2025-05-06__21-51-12.936109, 50, 14, 0, 1.0472, 1.0472, 6.28319, 31.4159, 0, -0.436332, 0, -2.35619, 0, 1.8326, 0, 0, 0, 0, 0, 0, 0, 0, 0, 0, 0, 0, 0, 0, 0, 0, 0, 0, 0, 0, 0, 0, 0, 0, 0, 0, 0, 0, 0, 0, 0, 0, 0, 0, 0, 0, 0, 0, 0, 0, 0, 0, 0, 0, 0, 0, 0, 0, 0, 0, 0, 1, 1, 0, 0
0.43, 2025-05-06__21-51-12.944767, 50, 14, 0, 1.0472, 1.0472, 6.28319, 31.4159, 0, -0.436332, 0, -2.35619, 0, 1.8326, 0, 0, 0, 0, 0, 0, 0, 0, 0, 0, 0, 0, 0, 0, 0, 0, 0, 0, 0, 0, 0, 0, 0, 0, 0, 0, 0, 0, 0, 0, 0, 0, 0, 0, 0, 0, 0, 0, 0, 0, 0, 0, 0, 0, 0, 0, 0, 0, 0, 0, 0, 1, 1, 0, 0
0.44, 2025-05-06__21-51-12.956128, 50, 14, 0, 1.0472, 1.0472, 6.28319, 31.4159, 0, -0.436332, 0, -2.35619, 0, 1.8326, 0, 0, 0, 0, 0, 0, 0, 0, 0, 0, 0, 0, 0, 0, 0, 0, 0, 0, 0, 0, 0, 0, 0, 0, 0, 0, 0, 0, 0, 0, 0, 0, 0, 0, 0, 0, 0, 0, 0, 0, 0, 0, 0, 0, 0, 0, 0, 0, 0, 0, 0, 1, 1, 0, 0
0.45, 2025-05-06__21-51-12.964699, 50, 14, 0, 1.0472, 1.0472, 6.28319, 31.4159, 0, -0.436332, 0, -2.35619, 0, 1.8326, 0, 0, 0, 0, 0, 0, 0, 0, 0, 0, 0, 0, 0, 0, 0, 0, 0, 0, 0, 0, 0, 0, 0, 0, 0, 0, 0, 0, 0, 0, 0, 0, 0, 0, 0, 0, 0, 0, 0, 0, 0, 0, 0, 0, 0, 0, 0, 0, 0, 0, 0, 1, 1, 0, 0
0.46, 2025-05-06__21-51-12.975932, 50, 14, 0, 1.0472, 1.0472, 6.28319, 31.4159, 0, -0.436332, 0, -2.35619, 0, 1.8326, 0, 0, 0, 0, 0, 0, 0, 0, 0, 0, 0, 0, 0, 0, 0, 0, 0, 0, 0, 0, 0, 0, 0, 0, 0, 0, 0, 0, 0, 0, 0, 0, 0, 0, 0, 0, 0, 0, 0, 0, 0, 0, 0, 0, 0, 0, 0, 0, 0, 0, 0, 1, 1, 0, 0
0.47, 2025-05-06__21-51-12.984736, 50, 14, 0, 1.0472, 1.0472, 6.28319, 31.4159, 0, -0.436332, 0, -2.35619, 0, 1.8326, 0, 0, 0, 0, 0, 0, 0, 0, 0, 0, 0, 0, 0, 0, 0, 0, 0, 0, 0, 0, 0, 0, 0, 0, 0, 0, 0, 0, 0, 0, 0, 0, 0, 0, 0, 0, 0, 0, 0, 0, 0, 0, 0, 0, 0, 0, 0, 0, 0, 0, 0, 1, 1, 0, 0
0.48, 2025-05-06__21-51-12.994721, 50, 14, 0, 1.0472, 1.0472, 6.28319, 31.4159, 0, -0.436332, 0, -2.35619, 0, 1.8326, 0, 0, 0, 0, 0, 0, 0, 0, 0, 0, 0, 0, 0, 0, 0, 0, 0, 0, 0, 0, 0, 0, 0, 0, 0, 0, 0, 0, 0, 0, 0, 0, 0, 0, 0, 0, 0, 0, 0, 0, 0, 0, 0, 0, 0, 0, 0, 0, 0, 0, 0, 1, 1, 0, 0
0.49, 2025-05-06__21-51-13.004695, 50, 14, 0, 1.0472, 1.0472, 6.28319, 31.4159, 0, -0.436332, 0, -2.35619, 0, 1.8326, 0, 0, 0, 0, 0, 0, 0, 0, 0, 0, 0, 0, 0, 0, 0, 0, 0, 0, 0, 0, 0, 0, 0, 0, 0, 0, 0, 0, 0, 0, 0, 0, 0, 0, 0, 0, 0, 0, 0, 0, 0, 0, 0, 0, 0, 0, 0, 0, 0, 0, 0, 1, 1, 0, 0
0.5, 2025-05-06__21-51-13.016255, 50, 14, 0, 1.0472, 1.0472, 6.28319, 31.4159, 0, -0.436332, 0, -2.35619, 0, 1.8326, 0, 0, 0, 0, 0, 0, 0, 0, 0, 0, 0, 0, 0, 0, 0, 0, 0, 0, 0, 0, 0, 0, 0, 0, 0, 0, 0, 0, 0, 0, 0, 0, 0, 0, 0, 0, 0, 0, 0, 0, 0, 0, 0, 0, 0, 0, 0, 0, 0, 0, 0, 1, 1, 0, 0
0.51, 2025-05-06__21-51-13.024674, 50, 14, 0, 1.0472, 1.0472, 6.28319, 31.4159, 0, -0.436332, 0, -2.35619, 0, 1.8326, 0, 0, 0, 0, 0, 0, 0, 0, 0, 0, 0, 0, 0, 0, 0, 0, 0, 0, 0, 0, 0, 0, 0, 0, 0, 0, 0, 0, 0, 0, 0, 0, 0, 0, 0, 0, 0, 0, 0, 0, 0, 0, 0, 0, 0, 0, 0, 0, 0, 0, 0, 1, 1, 0, 0
0.52, 2025-05-06__21-51-13.035630, 50, 14, 0, 1.0472, 1.0472, 6.28319, 31.4159, 0, -0.436332, 0, -2.35619, 0, 1.8326, 0, 0, 0, 0, 0, 0, 0, 0, 0, 0, 0, 0, 0, 0, 0, 0, 0, 0, 0, 0, 0, 0, 0, 0, 0, 0, 0, 0, 0, 0, 0, 0, 0, 0, 0, 0, 0, 0, 0, 0, 0, 0, 0, 0, 0, 0, 0, 0, 0, 0, 0, 1, 1, 0, 0
0.53, 2025-05-06__21-51-13.045929, 50, 14, 0, 1.0472, 1.0472, 6.28319, 31.4159, 0, -0.436332, 0, -2.35619, 0, 1.8326, 0, 0, 0, 0, 0, 0, 0, 0, 0, 0, 0, 0, 0, 0, 0, 0, 0, 0, 0, 0, 0, 0, 0, 0, 0, 0, 0, 0, 0, 0, 0, 0, 0, 0, 0, 0, 0, 0, 0, 0, 0, 0, 0, 0, 0, 0, 0, 0, 0, 0, 0, 1, 1, 0, 0
0.54, 2025-05-06__21-51-13.054669, 50, 14, 0, 1.0472, 1.0472, 6.28319, 31.4159, 0, -0.436332, 0, -2.35619, 0, 1.8326, 0, 0, 0, 0, 0, 0, 0, 0, 0, 0, 0, 0, 0, 0, 0, 0, 0, 0, 0, 0, 0, 0, 0, 0, 0, 0, 0, 0, 0, 0, 0, 0, 0, 0, 0, 0, 0, 0, 0, 0, 0, 0, 0, 0, 0, 0, 0, 0, 0, 0, 0, 1, 1, 0, 0
0.55, 2025-05-06__21-51-13.065790, 50, 14, 0, 1.0472, 1.0472, 6.28319, 31.4159, 0, -0.436332, 0, -2.35619, 0, 1.8326, 0, 0, 0, 0, 0, 0, 0, 0, 0, 0, 0, 0, 0, 0, 0, 0, 0, 0, 0, 0, 0, 0, 0, 0, 0, 0, 0, 0, 0, 0, 0, 0, 0, 0, 0, 0, 0, 0, 0, 0, 0, 0, 0, 0, 0, 0, 0, 0, 0, 0, 0, 1, 1, 0, 0
0.56, 2025-05-06__21-51-13.074745, 50, 14, 0, 1.0472, 1.0472, 6.28319, 31.4159, 0, -0.436332, 0, -2.35619, 0, 1.8326, 0, 0, 0, 0, 0, 0, 0, 0, 0, 0, 0, 0, 0, 0, 0, 0, 0, 0, 0, 0, 0, 0, 0, 0, 0, 0, 0, 0, 0, 0, 0, 0, 0, 0, 0, 0, 0, 0, 0, 0, 0, 0, 0, 0, 0, 0, 0, 0, 0, 0, 0, 1, 1, 0, 0
0.57, 2025-05-06__21-51-13.084824, 50, 14, 0, 1.0472, 1.0472, 6.28319, 31.4159, 0, -0.436332, 0, -2.35619, 0, 1.8326, 0, 0, 0, 0, 0, 0, 0, 0, 0, 0, 0, 0, 0, 0, 0, 0, 0, 0, 0, 0, 0, 0, 0, 0, 0, 0, 0, 0, 0, 0, 0, 0, 0, 0, 0, 0, 0, 0, 0, 0, 0, 0, 0, 0, 0, 0, 0, 0, 0, 0, 0, 1, 1, 0, 0
0.58, 2025-05-06__21-51-13.095693, 50, 14, 0, 1.0472, 1.0472, 6.28319, 31.4159, 0, -0.436332, 0, -2.35619, 0, 1.8326, 0, 0, 0, 0, 0, 0, 0, 0, 0, 0, 0, 0, 0, 0, 0, 0, 0, 0, 0, 0, 0, 0, 0, 0, 0, 0, 0, 0, 0, 0, 0, 0, 0, 0, 0, 0, 0, 0, 0, 0, 0, 0, 0, 0, 0, 0, 0, 0, 0, 0, 0, 1, 1, 0, 0
0.59, 2025-05-06__21-51-13.106011, 50, 14, 0, 1.0472, 1.0472, 6.28319, 31.4159, 0, -0.436332, 0, -2.35619, 0, 1.8326, 0, 0, 0, 0, 0, 0, 0, 0, 0, 0, 0, 0, 0, 0, 0, 0, 0, 0, 0, 0, 0, 0, 0, 0, 0, 0, 0, 0, 0, 0, 0, 0, 0, 0, 0, 0, 0, 0, 0, 0, 0, 0, 0, 0, 0, 0, 0, 0, 0, 0, 0, 1, 1, 0, 0
0.6, 2025-05-06__21-51-13.115929, 50, 14, 0, 1.0472, 1.0472, 6.28319, 31.4159, 0, -0.436332, 0, -2.35619, 0, 1.8326, 0, 0, 0, 0, 0, 0, 0, 0, 0, 0, 0, 0, 0, 0, 0, 0, 0, 0, 0, 0, 0, 0, 0, 0, 0, 0, 0, 0, 0, 0, 0, 0, 0, 0, 0, 0, 0, 0, 0, 0, 0, 0, 0, 0, 0, 0, 0, 0, 0, 0, 0, 1, 1, 0, 0
0.61, 2025-05-06__21-51-13.124813, 50, 14, 0, 1.0472, 1.0472, 6.28319, 31.4159, 0, -0.436332, 0, -2.35619, 0, 1.8326, 0, 0, 0, 0, 0, 0, 0, 0, 0, 0, 0, 0, 0, 0, 0, 0, 0, 0, 0, 0, 0, 0, 0, 0, 0, 0, 0, 0, 0, 0, 0, 0, 0, 0, 0, 0, 0, 0, 0, 0, 0, 0, 0, 0, 0, 0, 0, 0, 0, 0, 0, 1, 1, 0, 0
0.62, 2025-05-06__21-51-13.135825, 50, 14, 0, 1.0472, 1.0472, 6.28319, 31.4159, 0, -0.436332, 0, -2.35619, 0, 1.8326, 0, 0, 0, 0, 0, 0, 0, 0, 0, 0, 0, 0, 0, 0, 0, 0, 0, 0, 0, 0, 0, 0, 0, 0, 0, 0, 0, 0, 0, 0, 0, 0, 0, 0, 0, 0, 0, 0, 0, 0, 0, 0, 0, 0, 0, 0, 0, 0, 0, 0, 0, 1, 1, 0, 0
0.63, 2025-05-06__21-51-13.144752, 50, 14, 0, 1.0472, 1.0472, 6.28319, 31.4159, 0, -0.436332, 0, -2.35619, 0, 1.8326, 0, 0, 0, 0, 0, 0, 0, 0, 0, 0, 0, 0, 0, 0, 0, 0, 0, 0, 0, 0, 0, 0, 0, 0, 0, 0, 0, 0, 0, 0, 0, 0, 0, 0, 0, 0, 0, 0, 0, 0, 0, 0, 0, 0, 0, 0, 0, 0, 0, 0, 0, 1, 1, 0, 0
0.64, 2025-05-06__21-51-13.155361, 50, 14, 0, 1.0472, 1.0472, 6.28319, 31.4159, 0, -0.436332, 0, -2.35619, 0, 1.8326, 0, 0, 0, 0, 0, 0, 0, 0, 0, 0, 0, 0, 0, 0, 0, 0, 0, 0, 0, 0, 0, 0, 0, 0, 0, 0, 0, 0, 0, 0, 0, 0, 0, 0, 0, 0, 0, 0, 0, 0, 0, 0, 0, 0, 0, 0, 0, 0, 0, 0, 0, 1, 1, 0, 0
0.65, 2025-05-06__21-51-13.164687, 50, 14, 0, 1.0472, 1.0472, 6.28319, 31.4159, 0, -0.436332, 0, -2.35619, 0, 1.8326, 0, 0, 0, 0, 0, 0, 0, 0, 0, 0, 0, 0, 0, 0, 0, 0, 0, 0, 0, 0, 0, 0, 0, 0, 0, 0, 0, 0, 0, 0, 0, 0, 0, 0, 0, 0, 0, 0, 0, 0, 0, 0, 0, 0, 0, 0, 0, 0, 0, 0, 0, 1, 1, 0, 0
0.66, 2025-05-06__21-51-13.174670, 50, 14, 0, 1.0472, 1.0472, 6.28319, 31.4159, 0, -0.436332, 0, -2.35619, 0, 1.8326, 0, 0, 0, 0, 0, 0, 0, 0, 0, 0, 0, 0, 0, 0, 0, 0, 0, 0, 0, 0, 0, 0, 0, 0, 0, 0, 0, 0, 0, 0, 0, 0, 0, 0, 0, 0, 0, 0, 0, 0, 0, 0, 0, 0, 0, 0, 0, 0, 0, 0, 0, 1, 1, 0, 0
0.67, 2025-05-06__21-51-13.185731, 50, 14, 0, 1.0472, 1.0472, 6.28319, 31.4159, 0, -0.436332, 0, -2.35619, 0, 1.8326, 0, 0, 0, 0, 0, 0, 0, 0, 0, 0, 0, 0, 0, 0, 0, 0, 0, 0, 0, 0, 0, 0, 0, 0, 0, 0, 0, 0, 0, 0, 0, 0, 0, 0, 0, 0, 0, 0, 0, 0, 0, 0, 0, 0, 0, 0, 0, 0, 0, 0, 0, 1, 1, 0, 0
0.68, 2025-05-06__21-51-13.195927, 50, 14, 0, 1.0472, 1.0472, 6.28319, 31.4159, 0, -0.436332, 0, -2.35619, 0, 1.8326, 0, 0, 0, 0, 0, 0, 0, 0, 0, 0, 0, 0, 0, 0, 0, 0, 0, 0, 0, 0, 0, 0, 0, 0, 0, 0, 0, 0, 0, 0, 0, 0, 0, 0, 0, 0, 0, 0, 0, 0, 0, 0, 0, 0, 0, 0, 0, 0, 0, 0, 0, 1, 1, 0, 0
0.69, 2025-05-06__21-51-13.204697, 50, 14, 0, 1.0472, 1.0472, 6.28319, 31.4159, 0, -0.436332, 0, -2.35619, 0, 1.8326, 0, 0, 0, 0, 0, 0, 0, 0, 0, 0, 0, 0, 0, 0, 0, 0, 0, 0, 0, 0, 0, 0, 0, 0, 0, 0, 0, 0, 0, 0, 0, 0, 0, 0, 0, 0, 0, 0, 0, 0, 0, 0, 0, 0, 0, 0, 0, 0, 0, 0, 0, 1, 1, 0, 0
0.7, 2025-05-06__21-51-13.216260, 50, 14, 0, 1.0472, 1.0472, 6.28319, 31.4159, 0, -0.436332, 0, -2.35619, 0, 1.8326, 0, 0, 0, 0, 0, 0, 0, 0, 0, 0, 0, 0, 0, 0, 0, 0, 0, 0, 0, 0, 0, 0, 0, 0, 0, 0, 0, 0, 0, 0, 0, 0, 0, 0, 0, 0, 0, 0, 0, 0, 0, 0, 0, 0, 0, 0, 0, 0, 0, 0, 0, 1, 1, 0, 0
0.71, 2025-05-06__21-51-13.224837, 50, 14, 0, 1.0472, 1.0472, 6.28319, 31.4159, 0, -0.436332, 0, -2.35619, 0, 1.8326, 0, 0, 0, 0, 0, 0, 0, 0, 0, 0, 0, 0, 0, 0, 0, 0, 0, 0, 0, 0, 0, 0, 0, 0, 0, 0, 0, 0, 0, 0, 0, 0, 0, 0, 0, 0, 0, 0, 0, 0, 0, 0, 0, 0, 0, 0, 0, 0, 0, 0, 0, 1, 1, 0, 0
0.72, 2025-05-06__21-51-13.234688, 50, 14, 0, 1.0472, 1.0472, 6.28319, 31.4159, 0, -0.436332, 0, -2.35619, 0, 1.8326, 0, 0, 0, 0, 0, 0, 0, 0, 0, 0, 0, 0, 0, 0, 0, 0, 0, 0, 0, 0, 0, 0, 0, 0, 0, 0, 0, 0, 0, 0, 0, 0, 0, 0, 0, 0, 0, 0, 0, 0, 0, 0, 0, 0, 0, 0, 0, 0, 0, 0, 0, 1, 1, 0, 0
0.73, 2025-05-06__21-51-13.244979, 50, 14, 0, 1.0472, 1.0472, 6.28319, 31.4159, 0, -0.436332, 0, -2.35619, 0, 1.8326, 0, 0, 0, 0, 0, 0, 0, 0, 0, 0, 0, 0, 0, 0, 0, 0, 0, 0, 0, 0, 0, 0, 0, 0, 0, 0, 0, 0, 0, 0, 0, 0, 0, 0, 0, 0, 0, 0, 0, 0, 0, 0, 0, 0, 0, 0, 0, 0, 0, 0, 0, 1, 1, 0, 0
0.74, 2025-05-06__21-51-13.254675, 50, 14, 0, 1.0472, 1.0472, 6.28319, 31.4159, 0, -0.436332, 0, -2.35619, 0, 1.8326, 0, 0, 0, 0, 0, 0, 0, 0, 0, 0, 0, 0, 0, 0, 0, 0, 0, 0, 0, 0, 0, 0, 0, 0, 0, 0, 0, 0, 0, 0, 0, 0, 0, 0, 0, 0, 0, 0, 0, 0, 0, 0, 0, 0, 0, 0, 0, 0, 0, 0, 0, 1, 1, 0, 0
0.75, 2025-05-06__21-51-13.264935, 50, 14, 0, 1.0472, 1.0472, 6.28319, 31.4159, 0, -0.436332, 0, -2.35619, 0, 1.8326, 0, 0, 0, 0, 0, 0, 0, 0, 0, 0, 0, 0, 0, 0, 0, 0, 0, 0, 0, 0, 0, 0, 0, 0, 0, 0, 0, 0, 0, 0, 0, 0, 0, 0, 0, 0, 0, 0, 0, 0, 0, 0, 0, 0, 0, 0, 0, 0, 0, 0, 0, 1, 1, 0, 0
0.76, 2025-05-06__21-51-13.274721, 50, 14, 0, 1.0472, 1.0472, 6.28319, 31.4159, 0, -0.436332, 0, -2.35619, 0, 1.8326, 0, 0, 0, 0, 0, 0, 0, 0, 0, 0, 0, 0, 0, 0, 0, 0, 0, 0, 0, 0, 0, 0, 0, 0, 0, 0, 0, 0, 0, 0, 0, 0, 0, 0, 0, 0, 0, 0, 0, 0, 0, 0, 0, 0, 0, 0, 0, 0, 0, 0, 0, 1, 1, 0, 0
0.77, 2025-05-06__21-51-13.286263, 50, 14, 0, 1.0472, 1.0472, 6.28319, 31.4159, 0, -0.436332, 0, -2.35619, 0, 1.8326, 0, 0, 0, 0, 0, 0, 0, 0, 0, 0, 0, 0, 0, 0, 0, 0, 0, 0, 0, 0, 0, 0, 0, 0, 0, 0, 0, 0, 0, 0, 0, 0, 0, 0, 0, 0, 0, 0, 0, 0, 0, 0, 0, 0, 0, 0, 0, 0, 0, 0, 0, 1, 1, 0, 0
0.78, 2025-05-06__21-51-13.295766, 50, 14, 0, 1.0472, 1.0472, 6.28319, 31.4159, 0, -0.436332, 0, -2.35619, 0, 1.8326, 0, 0, 0, 0, 0, 0, 0, 0, 0, 0, 0, 0, 0, 0, 0, 0, 0, 0, 0, 0, 0, 0, 0, 0, 0, 0, 0, 0, 0, 0, 0, 0, 0, 0, 0, 0, 0, 0, 0, 0, 0, 0, 0, 0, 0, 0, 0, 0, 0, 0, 0, 1, 1, 0, 0
0.79, 2025-05-06__21-51-13.305722, 50, 14, 0, 1.0472, 1.0472, 6.28319, 31.4159, 0, -0.436332, 0, -2.35619, 0, 1.8326, 0, 0, 0, 0, 0, 0, 0, 0, 0, 0, 0, 0, 0, 0, 0, 0, 0, 0, 0, 0, 0, 0, 0, 0, 0, 0, 0, 0, 0, 0, 0, 0, 0, 0, 0, 0, 0, 0, 0, 0, 0, 0, 0, 0, 0, 0, 0, 0, 0, 0, 0, 1, 1, 0, 0
0.8, 2025-05-06__21-51-13.315931, 50, 14, 0, 1.0472, 1.0472, 6.28319, 31.4159, 0, -0.436332, 0, -2.35619, 0, 1.8326, 0, 0, 0, 0, 0, 0, 0, 0, 0, 0, 0, 0, 0, 0, 0, 0, 0, 0, 0, 0, 0, 0, 0, 0, 0, 0, 0, 0, 0, 0, 0, 0, 0, 0, 0, 0, 0, 0, 0, 0, 0, 0, 0, 0, 0, 0, 0, 0, 0, 0, 0, 1, 1, 0, 0
0.81, 2025-05-06__21-51-13.324718, 50, 14, 0, 1.0472, 1.0472, 6.28319, 31.4159, 0, -0.436332, 0, -2.35619, 0, 1.8326, 0, 0, 0, 0, 0, 0, 0, 0, 0, 0, 0, 0, 0, 0, 0, 0, 0, 0, 0, 0, 0, 0, 0, 0, 0, 0, 0, 0, 0, 0, 0, 0, 0, 0, 0, 0, 0, 0, 0, 0, 0, 0, 0, 0, 0, 0, 0, 0, 0, 0, 0, 1, 1, 0, 0
0.82, 2025-05-06__21-51-13.334764, 50, 14, 0, 1.0472, 1.0472, 6.28319, 31.4159, 0, -0.436332, 0, -2.35619, 0, 1.8326, 0, 0, 0, 0, 0, 0, 0, 0, 0, 0, 0, 0, 0, 0, 0, 0, 0, 0, 0, 0, 0, 0, 0, 0, 0, 0, 0, 0, 0, 0, 0, 0, 0, 0, 0, 0, 0, 0, 0, 0, 0, 0, 0, 0, 0, 0, 0, 0, 0, 0, 0, 1, 1, 0, 0
0.83, 2025-05-06__21-51-13.345690, 50, 14, 0, 1.0472, 1.0472, 6.28319, 31.4159, 0, -0.436332, 0, -2.35619, 0, 1.8326, 0, 0, 0, 0, 0, 0, 0, 0, 0, 0, 0, 0, 0, 0, 0, 0, 0, 0, 0, 0, 0, 0, 0, 0, 0, 0, 0, 0, 0, 0, 0, 0, 0, 0, 0, 0, 0, 0, 0, 0, 0, 0, 0, 0, 0, 0, 0, 0, 0, 0, 0, 1, 1, 0, 0
0.84, 2025-05-06__21-51-13.354675, 50, 14, 0, 1.0472, 1.0472, 6.28319, 31.4159, 0, -0.436332, 0, -2.35619, 0, 1.8326, 0, 0, 0, 0, 0, 0, 0, 0, 0, 0, 0, 0, 0, 0, 0, 0, 0, 0, 0, 0, 0, 0, 0, 0, 0, 0, 0, 0, 0, 0, 0, 0, 0, 0, 0, 0, 0, 0, 0, 0, 0, 0, 0, 0, 0, 0, 0, 0, 0, 0, 0, 1, 1, 0, 0
0.85, 2025-05-06__21-51-13.364679, 50, 14, 0, 1.0472, 1.0472, 6.28319, 31.4159, 0, -0.436332, 0, -2.35619, 0, 1.8326, 0, 0, 0, 0, 0, 0, 0, 0, 0, 0, 0, 0, 0, 0, 0, 0, 0, 0, 0, 0, 0, 0, 0, 0, 0, 0, 0, 0, 0, 0, 0, 0, 0, 0, 0, 0, 0, 0, 0, 0, 0, 0, 0, 0, 0, 0, 0, 0, 0, 0, 0, 1, 1, 0, 0
0.86, 2025-05-06__21-51-13.376269, 50, 14, 0, 1.0472, 1.0472, 6.28319, 31.4159, 0, -0.436332, 0, -2.35619, 0, 1.8326, 0, 0, 0, 0, 0, 0, 0, 0, 0, 0, 0, 0, 0, 0, 0, 0, 0, 0, 0, 0, 0, 0, 0, 0, 0, 0, 0, 0, 0, 0, 0, 0, 0, 0, 0, 0, 0, 0, 0, 0, 0, 0, 0, 0, 0, 0, 0, 0, 0, 0, 0, 1, 1, 0, 0
0.87, 2025-05-06__21-51-13.385870, 50, 14, 0, 1.0472, 1.0472, 6.28319, 31.4159, 0, -0.436332, 0, -2.35619, 0, 1.8326, 0, 0, 0, 0, 0, 0, 0, 0, 0, 0, 0, 0, 0, 0, 0, 0, 0, 0, 0, 0, 0, 0, 0, 0, 0, 0, 0, 0, 0, 0, 0, 0, 0, 0, 0, 0, 0, 0, 0, 0, 0, 0, 0, 0, 0, 0, 0, 0, 0, 0, 0, 1, 1, 0, 0
0.88, 2025-05-06__21-51-13.394935, 50, 14, 0, 1.0472, 1.0472, 6.28319, 31.4159, 0, -0.436332, 0, -2.35619, 0, 1.8326, 0, 0, 0, 0, 0, 0, 0, 0, 0, 0, 0, 0, 0, 0, 0, 0, 0, 0, 0, 0, 0, 0, 0, 0, 0, 0, 0, 0, 0, 0, 0, 0, 0, 0, 0, 0, 0, 0, 0, 0, 0, 0, 0, 0, 0, 0, 0, 0, 0, 0, 0, 1, 1, 0, 0
0.89, 2025-05-06__21-51-13.404930, 50, 14, 0, 1.0472, 1.0472, 6.28319, 31.4159, 0, -0.436332, 0, -2.35619, 0, 1.8326, 0, 0, 0, 0, 0, 0, 0, 0, 0, 0, 0, 0, 0, 0, 0, 0, 0, 0, 0, 0, 0, 0, 0, 0, 0, 0, 0, 0, 0, 0, 0, 0, 0, 0, 0, 0, 0, 0, 0, 0, 0, 0, 0, 0, 0, 0, 0, 0, 0, 0, 0, 1, 1, 0, 0
0.9, 2025-05-06__21-51-13.415932, 50, 14, 0, 1.0472, 1.0472, 6.28319, 31.4159, 0, -0.436332, 0, -2.35619, 0, 1.8326, 0, 0, 0, 0, 0, 0, 0, 0, 0, 0, 0, 0, 0, 0, 0, 0, 0, 0, 0, 0, 0, 0, 0, 0, 0, 0, 0, 0, 0, 0, 0, 0, 0, 0, 0, 0, 0, 0, 0, 0, 0, 0, 0, 0, 0, 0, 0, 0, 0, 0, 0, 1, 1, 0, 0
0.91, 2025-05-06__21-51-13.424678, 50, 14, 0, 1.0472, 1.0472, 6.28319, 31.4159, 0, -0.436332, 0, -2.35619, 0, 1.8326, 0, 0, 0, 0, 0, 0, 0, 0, 0, 0, 0, 0, 0, 0, 0, 0, 0, 0, 0, 0, 0, 0, 0, 0, 0, 0, 0, 0, 0, 0, 0, 0, 0, 0, 0, 0, 0, 0, 0, 0, 0, 0, 0, 0, 0, 0, 0, 0, 0, 0, 0, 1, 1, 0, 0
0.92, 2025-05-06__21-51-13.434732, 50, 14, 0, 1.0472, 1.0472, 6.28319, 31.4159, 0, -0.436332, 0, -2.35619, 0, 1.8326, 0, 0, 0, 0, 0, 0, 0, 0, 0, 0, 0, 0, 0, 0, 0, 0, 0, 0, 0, 0, 0, 0, 0, 0, 0, 0, 0, 0, 0, 0, 0, 0, 0, 0, 0, 0, 0, 0, 0, 0, 0, 0, 0, 0, 0, 0, 0, 0, 0, 0, 0, 1, 1, 0, 0
0.93, 2025-05-06__21-51-13.445806, 50, 14, 0, 1.0472, 1.0472, 6.28319, 31.4159, 0, -0.436332, 0, -2.35619, 0, 1.8326, 0, 0, 0, 0, 0, 0, 0, 0, 0, 0, 0, 0, 0, 0, 0, 0, 0, 0, 0, 0, 0, 0, 0, 0, 0, 0, 0, 0, 0, 0, 0, 0, 0, 0, 0, 0, 0, 0, 0, 0, 0, 0, 0, 0, 0, 0, 0, 0, 0, 0, 0, 1, 1, 0, 0
0.94, 2025-05-06__21-51-13.454934, 50, 14, 0, 1.0472, 1.0472, 6.28319, 31.4159, 0, -0.436332, 0, -2.35619, 0, 1.8326, 0, 0, 0, 0, 0, 0, 0, 0, 0, 0, 0, 0, 0, 0, 0, 0, 0, 0, 0, 0, 0, 0, 0, 0, 0, 0, 0, 0, 0, 0, 0, 0, 0, 0, 0, 0, 0, 0, 0, 0, 0, 0, 0, 0, 0, 0, 0, 0, 0, 0, 0, 1, 1, 0, 0
0.95, 2025-05-06__21-51-13.464759, 50, 14, 0, 1.0472, 1.0472, 6.28319, 31.4159, 0, -0.436332, 0, -2.35619, 0, 1.8326, 0, 0, 0, 0, 0, 0, 0, 0, 0, 0, 0, 0, 0, 0, 0, 0, 0, 0, 0, 0, 0, 0, 0, 0, 0, 0, 0, 0, 0, 0, 0, 0, 0, 0, 0, 0, 0, 0, 0, 0, 0, 0, 0, 0, 0, 0, 0, 0, 0, 0, 0, 1, 1, 0, 0
0.96, 2025-05-06__21-51-13.474973, 50, 14, 0, 1.0472, 1.0472, 6.28319, 31.4159, 0, -0.436332, 0, -2.35619, 0, 1.8326, 0, 0, 0, 0, 0, 0, 0, 0, 0, 0, 0, 0, 0, 0, 0, 0, 0, 0, 0, 0, 0, 0, 0, 0, 0, 0, 0, 0, 0, 0, 0, 0, 0, 0, 0, 0, 0, 0, 0, 0, 0, 0, 0, 0, 0, 0, 0, 0, 0, 0, 0, 1, 1, 0, 0
0.97, 2025-05-06__21-51-13.484658, 50, 14, 0, 1.0472, 1.0472, 6.28319, 31.4159, 0, -0.436332, 0, -2.35619, 0, 1.8326, 0, 0, 0, 0, 0, 0, 0, 0, 0, 0, 0, 0, 0, 0, 0, 0, 0, 0, 0, 0, 0, 0, 0, 0, 0, 0, 0, 0, 0, 0, 0, 0, 0, 0, 0, 0, 0, 0, 0, 0, 0, 0, 0, 0, 0, 0, 0, 0, 0, 0, 0, 1, 1, 0, 0
0.98, 2025-05-06__21-51-13.494761, 50, 14, 0, 1.0472, 1.0472, 6.28319, 31.4159, 0, -0.436332, 0, -2.35619, 0, 1.8326, 0, 0, 0, 0, 0, 0, 0, 0, 0, 0, 0, 0, 0, 0, 0, 0, 0, 0, 0, 0, 0, 0, 0, 0, 0, 0, 0, 0, 0, 0, 0, 0, 0, 0, 0, 0, 0, 0, 0, 0, 0, 0, 0, 0, 0, 0, 0, 0, 0, 0, 0, 1, 1, 0, 0
0.99, 2025-05-06__21-51-13.504599, 50, 14, 0, 1.0472, 1.0472, 6.28319, 31.4159, 0, -0.436332, 0, -2.35619, 0, 1.8326, 0, 0, 0, 0, 0, 0, 0, 0, 0, 0, 0, 0, 0, 0, 0, 0, 0, 0, 0, 0, 0, 0, 0, 0, 0, 0, 0, 0, 0, 0, 0, 0, 0, 0, 0, 0, 0, 0, 0, 0, 0, 0, 0, 0, 0, 0, 0, 0, 0, 0, 0, 1, 1, 0, 0
1, 2025-05-06__21-51-13.514664, 50, 14, 0, 1.0472, 1.0472, 6.28319, 31.4159, 0, -0.436332, 0, -2.35619, 0, 1.8326, 0, 0, 0, 0, 0, 0, 0, 0, 0, 0, 0, 0, 0, 0, 0, 0, 0, 0, 0, 0, 0, 0, 0, 0, 0, 0, 0, 0, 0, 0, 0, 0, 0, 0, 0, 0, 0, 0, 0, 0, 0, 0, 0, 0, 0, 0, 0, 0, 0, 0, 0, 1, 1, 0, 0
1.01, 2025-05-06__21-51-13.524936, 50, 14, 0, 1.0472, 1.0472, 6.28319, 31.4159, 0, -0.436332, 0, -2.35619, 0, 1.8326, 0, 0, 0, 0, 0, 0, 0, 0, 0, 0, 0, 0, 0, 0, 0, 0, 0, 0, 0, 0, 0, 0, 0, 0, 0, 0, 0, 0, 0, 0, 0, 0, 0, 0, 0, 0, 0, 0, 0, 0, 0, 0, 0, 0, 0, 0, 0, 0, 0, 0, 0, 1, 1, 0, 0
1.02, 2025-05-06__21-51-13.534784, 50, 14, 0, 1.0472, 1.0472, 6.28319, 31.4159, 0, -0.436332, 0, -2.35619, 0, 1.8326, 0, 0, 0, 0, 0, 0, 0, 0, 0, 0, 0, 0, 0, 0, 0, 0, 0, 0, 0, 0, 0, 0, 0, 0, 0, 0, 0, 0, 0, 0, 0, 0, 0, 0, 0, 0, 0, 0, 0, 0, 0, 0, 0, 0, 0, 0, 0, 0, 0, 0, 0, 1, 1, 0, 0
1.03, 2025-05-06__21-51-13.544787, 50, 14, 0, 1.0472, 1.0472, 6.28319, 31.4159, 0, -0.436332, 0, -2.35619, 0, 1.8326, 0, 0, 0, 0, 0, 0, 0, 0, 0, 0, 0, 0, 0, 0, 0, 0, 0, 0, 0, 0, 0, 0, 0, 0, 0, 0, 0, 0, 0, 0, 0, 0, 0, 0, 0, 0, 0, 0, 0, 0, 0, 0, 0, 0, 0, 0, 0, 0, 0, 0, 0, 1, 1, 0, 0
1.04, 2025-05-06__21-51-13.554605, 50, 14, 0, 1.0472, 1.0472, 6.28319, 31.4159, 0, -0.436332, 0, -2.35619, 0, 1.8326, 0, 0, 0, 0, 0, 0, 0, 0, 0, 0, 0, 0, 0, 0, 0, 0, 0, 0, 0, 0, 0, 0, 0, 0, 0, 0, 0, 0, 0, 0, 0, 0, 0, 0, 0, 0, 0, 0, 0, 0, 0, 0, 0, 0, 0, 0, 0, 0, 0, 0, 0, 1, 1, 0, 0
1.05, 2025-05-06__21-51-13.565936, 50, 14, 0, 1.0472, 1.0472, 6.28319, 31.4159, 0, -0.436332, 0, -2.35619, 0, 1.8326, 0, 0, 0, 0, 0, 0, 0, 0, 0, 0, 0, 0, 0, 0, 0, 0, 0, 0, 0, 0, 0, 0, 0, 0, 0, 0, 0, 0, 0, 0, 0, 0, 0, 0, 0, 0, 0, 0, 0, 0, 0, 0, 0, 0, 0, 0, 0, 0, 0, 0, 0, 1, 1, 0, 0
1.06, 2025-05-06__21-51-13.574807, 50, 14, 0, 1.0472, 1.0472, 6.28319, 31.4159, 0, -0.436332, 0, -2.35619, 0, 1.8326, 0, 0, 0, 0, 0, 0, 0, 0, 0, 0, 0, 0, 0, 0, 0, 0, 0, 0, 0, 0, 0, 0, 0, 0, 0, 0, 0, 0, 0, 0, 0, 0, 0, 0, 0, 0, 0, 0, 0, 0, 0, 0, 0, 0, 0, 0, 0, 0, 0, 0, 0, 1, 1, 0, 0
1.07, 2025-05-06__21-51-13.586242, 50, 14, 0, 1.0472, 1.0472, 6.28319, 31.4159, 0, -0.436332, 0, -2.35619, 0, 1.8326, 0, 0, 0, 0, 0, 0, 0, 0, 0, 0, 0, 0, 0, 0, 0, 0, 0, 0, 0, 0, 0, 0, 0, 0, 0, 0, 0, 0, 0, 0, 0, 0, 0, 0, 0, 0, 0, 0, 0, 0, 0, 0, 0, 0, 0, 0, 0, 0, 0, 0, 0, 1, 1, 0, 0
1.08, 2025-05-06__21-51-13.594722, 50, 14, 0, 1.0472, 1.0472, 6.28319, 31.4159, 0, -0.436332, 0, -2.35619, 0, 1.8326, 0, 0, 0, 0, 0, 0, 0, 0, 0, 0, 0, 0, 0, 0, 0, 0, 0, 0, 0, 0, 0, 0, 0, 0, 0, 0, 0, 0, 0, 0, 0, 0, 0, 0, 0, 0, 0, 0, 0, 0, 0, 0, 0, 0, 0, 0, 0, 0, 0, 0, 0, 1, 1, 0, 0
1.09, 2025-05-06__21-51-13.604683, 50, 14, 0, 1.0472, 1.0472, 6.28319, 31.4159, 0, -0.436332, 0, -2.35619, 0, 1.8326, 0, 0, 0, 0, 0, 0, 0, 0, 0, 0, 0, 0, 0, 0, 0, 0, 0, 0, 0, 0, 0, 0, 0, 0, 0, 0, 0, 0, 0, 0, 0, 0, 0, 0, 0, 0, 0, 0, 0, 0, 0, 0, 0, 0, 0, 0, 0, 0, 0, 0, 0, 1, 1, 0, 0
1.1, 2025-05-06__21-51-13.615855, 50, 14, 0, 1.0472, 1.0472, 6.28319, 31.4159, 0, -0.436332, 0, -2.35619, 0, 1.8326, 0, 0, 0, 0, 0, 0, 0, 0, 0, 0, 0, 0, 0, 0, 0, 0, 0, 0, 0, 0, 0, 0, 0, 0, 0, 0, 0, 0, 0, 0, 0, 0, 0, 0, 0, 0, 0, 0, 0, 0, 0, 0, 0, 0, 0, 0, 0, 0, 0, 0, 0, 1, 1, 0, 0
1.11, 2025-05-06__21-51-13.624784, 50, 14, 0, 1.0472, 1.0472, 6.28319, 31.4159, 0, -0.436332, 0, -2.35619, 0, 1.8326, 0, 0, 0, 0, 0, 0, 0, 0, 0, 0, 0, 0, 0, 0, 0, 0, 0, 0, 0, 0, 0, 0, 0, 0, 0, 0, 0, 0, 0, 0, 0, 0, 0, 0, 0, 0, 0, 0, 0, 0, 0, 0, 0, 0, 0, 0, 0, 0, 0, 0, 0, 1, 1, 0, 0
1.12, 2025-05-06__21-51-13.634697, 50, 14, 0, 1.0472, 1.0472, 6.28319, 31.4159, 0, -0.436332, 0, -2.35619, 0, 1.8326, 0, 0, 0, 0, 0, 0, 0, 0, 0, 0, 0, 0, 0, 0, 0, 0, 0, 0, 0, 0, 0, 0, 0, 0, 0, 0, 0, 0, 0, 0, 0, 0, 0, 0, 0, 0, 0, 0, 0, 0, 0, 0, 0, 0, 0, 0, 0, 0, 0, 0, 0, 1, 1, 0, 0
1.13, 2025-05-06__21-51-13.644776, 50, 14, 0, 1.0472, 1.0472, 6.28319, 31.4159, 0, -0.436332, 0, -2.35619, 0, 1.8326, 0, 0, 0, 0, 0, 0, 0, 0, 0, 0, 0, 0, 0, 0, 0, 0, 0, 0, 0, 0, 0, 0, 0, 0, 0, 0, 0, 0, 0, 0, 0, 0, 0, 0, 0, 0, 0, 0, 0, 0, 0, 0, 0, 0, 0, 0, 0, 0, 0, 0, 0, 1, 1, 0, 0
1.14, 2025-05-06__21-51-13.655761, 50, 14, 0, 1.0472, 1.0472, 6.28319, 31.4159, 0, -0.436332, 0, -2.35619, 0, 1.8326, 0, 0, 0, 0, 0, 0, 0, 0, 0, 0, 0, 0, 0, 0, 0, 0, 0, 0, 0, 0, 0, 0, 0, 0, 0, 0, 0, 0, 0, 0, 0, 0, 0, 0, 0, 0, 0, 0, 0, 0, 0, 0, 0, 0, 0, 0, 0, 0, 0, 0, 0, 1, 1, 0, 0
1.15, 2025-05-06__21-51-13.664691, 50, 14, 0, 1.0472, 1.0472, 6.28319, 31.4159, 0, -0.436332, 0, -2.35619, 0, 1.8326, 0, 0, 0, 0, 0, 0, 0, 0, 0, 0, 0, 0, 0, 0, 0, 0, 0, 0, 0, 0, 0, 0, 0, 0, 0, 0, 0, 0, 0, 0, 0, 0, 0, 0, 0, 0, 0, 0, 0, 0, 0, 0, 0, 0, 0, 0, 0, 0, 0, 0, 0, 1, 1, 0, 0
1.16, 2025-05-06__21-51-13.674931, 50, 14, 0, 1.0472, 1.0472, 6.28319, 31.4159, 0, -0.436332, 0, -2.35619, 0, 1.8326, 0, 0, 0, 0, 0, 0, 0, 0, 0, 0, 0, 0, 0, 0, 0, 0, 0, 0, 0, 0, 0, 0, 0, 0, 0, 0, 0, 0, 0, 0, 0, 0, 0, 0, 0, 0, 0, 0, 0, 0, 0, 0, 0, 0, 0, 0, 0, 0, 0, 0, 0, 1, 1, 0, 0
1.17, 2025-05-06__21-51-13.685687, 50, 14, 0, 1.0472, 1.0472, 6.28319, 31.4159, 0, -0.436332, 0, -2.35619, 0, 1.8326, 0, 0, 0, 0, 0, 0, 0, 0, 0, 0, 0, 0, 0, 0, 0, 0, 0, 0, 0, 0, 0, 0, 0, 0, 0, 0, 0, 0, 0, 0, 0, 0, 0, 0, 0, 0, 0, 0, 0, 0, 0, 0, 0, 0, 0, 0, 0, 0, 0, 0, 0, 1, 1, 0, 0
1.18, 2025-05-06__21-51-13.695911, 50, 14, 0, 1.0472, 1.0472, 6.28319, 31.4159, 0, -0.436332, 0, -2.35619, 0, 1.8326, 0, 0, 0, 0, 0, 0, 0, 0, 0, 0, 0, 0, 0, 0, 0, 0, 0, 0, 0, 0, 0, 0, 0, 0, 0, 0, 0, 0, 0, 0, 0, 0, 0, 0, 0, 0, 0, 0, 0, 0, 0, 0, 0, 0, 0, 0, 0, 0, 0, 0, 0, 1, 1, 0, 0
1.19, 2025-05-06__21-51-13.704613, 50, 14, 0, 1.0472, 1.0472, 6.28319, 31.4159, 0, -0.436332, 0, -2.35619, 0, 1.8326, 0, 0, 0, 0, 0, 0, 0, 0, 0, 0, 0, 0, 0, 0, 0, 0, 0, 0, 0, 0, 0, 0, 0, 0, 0, 0, 0, 0, 0, 0, 0, 0, 0, 0, 0, 0, 0, 0, 0, 0, 0, 0, 0, 0, 0, 0, 0, 0, 0, 0, 0, 1, 1, 0, 0
1.2, 2025-05-06__21-51-13.714692, 50, 14, 0, 1.0472, 1.0472, 6.28319, 31.4159, 0, -0.436332, 0, -2.35619, 0, 1.8326, 0, 0, 0, 0, 0, 0, 0, 0, 0, 0, 0, 0, 0, 0, 0, 0, 0, 0, 0, 0, 0, 0, 0, 0, 0, 0, 0, 0, 0, 0, 0, 0, 0, 0, 0, 0, 0, 0, 0, 0, 0, 0, 0, 0, 0, 0, 0, 0, 0, 0, 0, 1, 1, 0, 0
1.21, 2025-05-06__21-51-13.724790, 50, 14, 0, 1.0472, 1.0472, 6.28319, 31.4159, 0, -0.436332, 0, -2.35619, 0, 1.8326, 0, 0, 0, 0, 0, 0, 0, 0, 0, 0, 0, 0, 0, 0, 0, 0, 0, 0, 0, 0, 0, 0, 0, 0, 0, 0, 0, 0, 0, 0, 0, 0, 0, 0, 0, 0, 0, 0, 0, 0, 0, 0, 0, 0, 0, 0, 0, 0, 0, 0, 0, 1, 1, 0, 0
1.22, 2025-05-06__21-51-13.734684, 50, 14, 0, 1.0472, 1.0472, 6.28319, 31.4159, 0, -0.436332, 0, -2.35619, 0, 1.8326, 0, 0, 0, 0, 0, 0, 0, 0, 0, 0, 0, 0, 0, 0, 0, 0, 0, 0, 0, 0, 0, 0, 0, 0, 0, 0, 0, 0, 0, 0, 0, 0, 0, 0, 0, 0, 0, 0, 0, 0, 0, 0, 0, 0, 0, 0, 0, 0, 0, 0, 0, 1, 1, 0, 0
1.23, 2025-05-06__21-51-13.746279, 50, 14, 0, 1.0472, 1.0472, 6.28319, 31.4159, 0, -0.436332, 0, -2.35619, 0, 1.8326, 0, 0, 0, 0, 0, 0, 0, 0, 0, 0, 0, 0, 0, 0, 0, 0, 0, 0, 0, 0, 0, 0, 0, 0, 0, 0, 0, 0, 0, 0, 0, 0, 0, 0, 0, 0, 0, 0, 0, 0, 0, 0, 0, 0, 0, 0, 0, 0, 0, 0, 0, 1, 1, 0, 0
1.24, 2025-05-06__21-51-13.754937, 50, 14, 0, 1.0472, 1.0472, 6.28319, 31.4159, 0, -0.436332, 0, -2.35619, 0, 1.8326, 0, 0, 0, 0, 0, 0, 0, 0, 0, 0, 0, 0, 0, 0, 0, 0, 0, 0, 0, 0, 0, 0, 0, 0, 0, 0, 0, 0, 0, 0, 0, 0, 0, 0, 0, 0, 0, 0, 0, 0, 0, 0, 0, 0, 0, 0, 0, 0, 0, 0, 0, 1, 1, 0, 0
1.25, 2025-05-06__21-51-13.764800, 50, 14, 0, 1.0472, 1.0472, 6.28319, 31.4159, 0, -0.436332, 0, -2.35619, 0, 1.8326, 0, 0, 0, 0, 0, 0, 0, 0, 0, 0, 0, 0, 0, 0, 0, 0, 0, 0, 0, 0, 0, 0, 0, 0, 0, 0, 0, 0, 0, 0, 0, 0, 0, 0, 0, 0, 0, 0, 0, 0, 0, 0, 0, 0, 0, 0, 0, 0, 0, 0, 0, 1, 1, 0, 0
1.26, 2025-05-06__21-51-13.775935, 50, 14, 0, 1.0472, 1.0472, 6.28319, 31.4159, 0, -0.436332, 0, -2.35619, 0, 1.8326, 0, 0, 0, 0, 0, 0, 0, 0, 0, 0, 0, 0, 0, 0, 0, 0, 0, 0, 0, 0, 0, 0, 0, 0, 0, 0, 0, 0, 0, 0, 0, 0, 0, 0, 0, 0, 0, 0, 0, 0, 0, 0, 0, 0, 0, 0, 0, 0, 0, 0, 0, 1, 1, 0, 0
1.27, 2025-05-06__21-51-13.784939, 50, 14, 0, 1.0472, 1.0472, 6.28319, 31.4159, 0, -0.436332, 0, -2.35619, 0, 1.8326, 0, 0, 0, 0, 0, 0, 0, 0, 0, 0, 0, 0, 0, 0, 0, 0, 0, 0, 0, 0, 0, 0, 0, 0, 0, 0, 0, 0, 0, 0, 0, 0, 0, 0, 0, 0, 0, 0, 0, 0, 0, 0, 0, 0, 0, 0, 0, 0, 0, 0, 0, 1, 1, 0, 0
1.28, 2025-05-06__21-51-13.796207, 50, 14, 0, 1.0472, 1.0472, 6.28319, 31.4159, 0, -0.436332, 0, -2.35619, 0, 1.8326, 0, 0, 0, 0, 0, 0, 0, 0, 0, 0, 0, 0, 0, 0, 0, 0, 0, 0, 0, 0, 0, 0, 0, 0, 0, 0, 0, 0, 0, 0, 0, 0, 0, 0, 0, 0, 0, 0, 0, 0, 0, 0, 0, 0, 0, 0, 0, 0, 0, 0, 0, 1, 1, 0, 0
1.29, 2025-05-06__21-51-13.804737, 50, 14, 0, 1.0472, 1.0472, 6.28319, 31.4159, 0, -0.436332, 0, -2.35619, 0, 1.8326, 0, 0, 0, 0, 0, 0, 0, 0, 0, 0, 0, 0, 0, 0, 0, 0, 0, 0, 0, 0, 0, 0, 0, 0, 0, 0, 0, 0, 0, 0, 0, 0, 0, 0, 0, 0, 0, 0, 0, 0, 0, 0, 0, 0, 0, 0, 0, 0, 0, 0, 0, 1, 1, 0, 0
1.3, 2025-05-06__21-51-13.816142, 50, 14, 0, 1.0472, 1.0472, 6.28319, 31.4159, 0, -0.436332, 0, -2.35619, 0, 1.8326, 0, 0, 0, 0, 0, 0, 0, 0, 0, 0, 0, 0, 0, 0, 0, 0, 0, 0, 0, 0, 0, 0, 0, 0, 0, 0, 0, 0, 0, 0, 0, 0, 0, 0, 0, 0, 0, 0, 0, 0, 0, 0, 0, 0, 0, 0, 0, 0, 0, 0, 0, 1, 1, 0, 0
1.31, 2025-05-06__21-51-13.825912, 50, 14, 0, 1.0472, 1.0472, 6.28319, 31.4159, 0, -0.436332, 0, -2.35619, 0, 1.8326, 0, 0, 0, 0, 0, 0, 0, 0, 0, 0, 0, 0, 0, 0, 0, 0, 0, 0, 0, 0, 0, 0, 0, 0, 0, 0, 0, 0, 0, 0, 0, 0, 0, 0, 0, 0, 0, 0, 0, 0, 0, 0, 0, 0, 0, 0, 0, 0, 0, 0, 0, 1, 1, 0, 0
1.32, 2025-05-06__21-51-13.834716, 50, 14, 0, 1.0472, 1.0472, 6.28319, 31.4159, 0, -0.436332, 0, -2.35619, 0, 1.8326, 0, 0, 0, 0, 0, 0, 0, 0, 0, 0, 0, 0, 0, 0, 0, 0, 0, 0, 0, 0, 0, 0, 0, 0, 0, 0, 0, 0, 0, 0, 0, 0, 0, 0, 0, 0, 0, 0, 0, 0, 0, 0, 0, 0, 0, 0, 0, 0, 0, 0, 0, 1, 1, 0, 0
1.33, 2025-05-06__21-51-13.846262, 50, 14, 0, 1.0472, 1.0472, 6.28319, 31.4159, 0, -0.436332, 0, -2.35619, 0, 1.8326, 0, 0, 0, 0, 0, 0, 0, 0, 0, 0, 0, 0, 0, 0, 0, 0, 0, 0, 0, 0, 0, 0, 0, 0, 0, 0, 0, 0, 0, 0, 0, 0, 0, 0, 0, 0, 0, 0, 0, 0, 0, 0, 0, 0, 0, 0, 0, 0, 0, 0, 0, 1, 1, 0, 0
1.34, 2025-05-06__21-51-13.854663, 50, 14, 0, 1.0472, 1.0472, 6.28319, 31.4159, 0, -0.436332, 0, -2.35619, 0, 1.8326, 0, 0, 0, 0, 0, 0, 0, 0, 0, 0, 0, 0, 0, 0, 0, 0, 0, 0, 0, 0, 0, 0, 0, 0, 0, 0, 0, 0, 0, 0, 0, 0, 0, 0, 0, 0, 0, 0, 0, 0, 0, 0, 0, 0, 0, 0, 0, 0, 0, 0, 0, 1, 1, 0, 0
1.35, 2025-05-06__21-51-13.865129, 50, 14, 0, 1.0472, 1.0472, 6.28319, 31.4159, 0, -0.436332, 0, -2.35619, 0, 1.8326, 0, 0, 0, 0, 0, 0, 0, 0, 0, 0, 0, 0, 0, 0, 0, 0, 0, 0, 0, 0, 0, 0, 0, 0, 0, 0, 0, 0, 0, 0, 0, 0, 0, 0, 0, 0, 0, 0, 0, 0, 0, 0, 0, 0, 0, 0, 0, 0, 0, 0, 0, 1, 1, 0, 0
1.36, 2025-05-06__21-51-13.876166, 50, 14, 0, 1.0472, 1.0472, 6.28319, 31.4159, 0, -0.436332, 0, -2.35619, 0, 1.8326, 0, 0, 0, 0, 0, 0, 0, 0, 0, 0, 0, 0, 0, 0, 0, 0, 0, 0, 0, 0, 0, 0, 0, 0, 0, 0, 0, 0, 0, 0, 0, 0, 0, 0, 0, 0, 0, 0, 0, 0, 0, 0, 0, 0, 0, 0, 0, 0, 0, 0, 0, 1, 1, 0, 0
1.37, 2025-05-06__21-51-13.884507, 50, 14, 0, 1.0472, 1.0472, 6.28319, 31.4159, 0, -0.436332, 0, -2.35619, 0, 1.8326, 0, 0, 0, 0, 0, 0, 0, 0, 0, 0, 0, 0, 0, 0, 0, 0, 0, 0, 0, 0, 0, 0, 0, 0, 0, 0, 0, 0, 0, 0, 0, 0, 0, 0, 0, 0, 0, 0, 0, 0, 0, 0, 0, 0, 0, 0, 0, 0, 0, 0, 0, 1, 1, 0, 0
1.38, 2025-05-06__21-51-13.894921, 50, 14, 0, 1.0472, 1.0472, 6.28319, 31.4159, 0, -0.436332, 0, -2.35619, 0, 1.8326, 0, 0, 0, 0, 0, 0, 0, 0, 0, 0, 0, 0, 0, 0, 0, 0, 0, 0, 0, 0, 0, 0, 0, 0, 0, 0, 0, 0, 0, 0, 0, 0, 0, 0, 0, 0, 0, 0, 0, 0, 0, 0, 0, 0, 0, 0, 0, 0, 0, 0, 0, 1, 1, 0, 0
1.39, 2025-05-06__21-51-13.904643, 50, 14, 0, 1.0472, 1.0472, 6.28319, 31.4159, 0, -0.436332, 0, -2.35619, 0, 1.8326, 0, 0, 0, 0, 0, 0, 0, 0, 0, 0, 0, 0, 0, 0, 0, 0, 0, 0, 0, 0, 0, 0, 0, 0, 0, 0, 0, 0, 0, 0, 0, 0, 0, 0, 0, 0, 0, 0, 0, 0, 0, 0, 0, 0, 0, 0, 0, 0, 0, 0, 0, 1, 1, 0, 0
